ID,Name,Email,First Name,Last Name
6cbba2ed-b0b6-462d-a1ce-ff79a40cb754,,user1@example.com,User1,Last1
12823278-fa47-42d0-80d0-34ac6aff4ac9,,user2@example.com,User2,Last2
ff725aec-bfef-4365-84b3-35a0c311e70d,,user3@example.com,User3,Last3
40121ff1-0c53-4d8d-800a-39c158749530,,user4@example.com,User4,Last4
0f969cae-7f3e-44ed-8d9f-1c7fdb6e8b8b,,user5@example.com,User5,Last5
fd3bea18-85de-4edf-ac39-fa86e8d13fae,,user6@example.com,User6,Last6
785f54fd-f17d-42ee-9c1b-8a6a2d51aa43,,user7@example.com,User7,Last7
ac362415-e37e-45e5-9ed7-868bf35cec59,,user8@example.com,User8,Last8
f1868450-f779-4ded-bade-560c235c25c6,,user9@example.com,User9,Last9
